feature,importance
Hepatomegaly_Y,0.16281089
Edema_S,0.07746349
Prothrombin,0.06926369
Ascites_Y,0.06699333
Alk_Phos,0.05283561
Platelets,0.050340433
N_Days,0.04987351
Albumin,0.04866845
Status_CL,0.047971215
Drug_Placebo,0.043902874
SGOT,0.043491445
Copper,0.04194197
Tryglicerides,0.039007723
Bilirubin,0.0374404
Age,0.035862736
Spiders_Y,0.035478476
Cholesterol,0.033364847
Status_D,0.022561144
Sex_M,0.021124257
Edema_Y,0.019603446
