feature,importance
Hepatomegaly_Y,0.15960944
Edema_S,0.08281144
Ascites_Y,0.06713717
Prothrombin,0.06527792
N_Days,0.05337068
Albumin,0.04835049
Status_CL,0.04731387
Platelets,0.046316657
Copper,0.04293115
Status_D,0.041755337
Drug_Placebo,0.040507358
Tryglicerides,0.03798414
Age,0.037662912
Alk_Phos,0.037396688
Bilirubin,0.035707306
SGOT,0.03530628
Cholesterol,0.03505657
Edema_Y,0.034112167
Sex_M,0.025766242
Spiders_Y,0.025626192
