{
    "Random Forest": {
        "cv_mean": 0.949485043830709,
        "cv_std": 0.0027204415584732326,
        "cv_scores": [
            0.946769483752226,
            0.9515039716759154,
            0.9459233526846194,
            0.952992859276703,
            0.9502355517640808
        ],
        "test_metrics": {
            "accuracy": 0.952,
            "weighted_f1": 0.9520079051684265,
            "macro_f1": 0.9520509920282892,
            "weighted_precision": 0.9522396675253074,
            "weighted_recall": 0.952
        },
        "classification_report": {
            "0": {
                "precision": 0.9571162212554382,
                "recall": 0.9316394434361767,
                "f1-score": 0.944206008583691,
                "support": 1653.0
            },
            "1": {
                "precision": 0.9307559145989613,
                "recall": 0.955568720379147,
                "f1-score": 0.9429991230634317,
                "support": 1688.0
            },
            "2": {
                "precision": 0.9692400482509047,
                "recall": 0.9686558167570826,
                "f1-score": 0.968947844437745,
                "support": 1659.0
            },
            "accuracy": 0.952,
            "macro avg": {
                "precision": 0.9523707280351014,
                "recall": 0.9519546601908021,
                "f1-score": 0.9520509920282892,
                "support": 5000.0
            },
            "weighted avg": {
                "precision": 0.9522396675253074,
                "recall": 0.952,
                "f1-score": 0.9520079051684265,
                "support": 5000.0
            }
        }
    },
    "Gradient Boosting": {
        "cv_mean": 0.8527543879520165,
        "cv_std": 0.0047175236078818425,
        "cv_scores": [
            0.8586377584634866,
            0.8447569055468425,
            0.8524895379668442,
            0.8517301055534833,
            0.8561576322294256
        ],
        "test_metrics": {
            "accuracy": 0.8426,
            "weighted_f1": 0.8428599734449496,
            "macro_f1": 0.8430041286631799,
            "weighted_precision": 0.8439640001268437,
            "weighted_recall": 0.8426
        },
        "classification_report": {
            "0": {
                "precision": 0.851145038167939,
                "recall": 0.809437386569873,
                "f1-score": 0.8297674418604651,
                "support": 1653.0
            },
            "1": {
                "precision": 0.7921787709497207,
                "recall": 0.840047393364929,
                "f1-score": 0.8154111558366878,
                "support": 1688.0
            },
            "2": {
                "precision": 0.8894993894993894,
                "recall": 0.8782399035563593,
                "f1-score": 0.883833788292387,
                "support": 1659.0
            },
            "accuracy": 0.8426,
            "macro avg": {
                "precision": 0.8442743995390164,
                "recall": 0.8425748944970537,
                "f1-score": 0.8430041286631799,
                "support": 5000.0
            },
            "weighted avg": {
                "precision": 0.8439640001268437,
                "recall": 0.8426,
                "f1-score": 0.8428599734449496,
                "support": 5000.0
            }
        }
    },
    "XGBoost": {
        "cv_mean": 0.959356769165689,
        "cv_std": 0.0005083324082990656,
        "cv_scores": [
            0.9587455082029942,
            0.9587725306290082,
            0.9599730121124173,
            0.9595249270585996,
            0.9597678678254262
        ],
        "test_metrics": {
            "accuracy": 0.9598,
            "weighted_f1": 0.9598180833397911,
            "macro_f1": 0.9598533403433686,
            "weighted_precision": 0.9599554865647416,
            "weighted_recall": 0.9598
        },
        "classification_report": {
            "0": {
                "precision": 0.9636699507389163,
                "recall": 0.9467634603750756,
                "f1-score": 0.9551418980775099,
                "support": 1653.0
            },
            "1": {
                "precision": 0.943122460824144,
                "recall": 0.9626777251184834,
                "f1-score": 0.9527997654646732,
                "support": 1688.0
            },
            "2": {
                "precision": 0.9733817301875378,
                "recall": 0.9698613622664256,
                "f1-score": 0.9716183574879227,
                "support": 1659.0
            },
            "accuracy": 0.9598,
            "macro avg": {
                "precision": 0.9600580472501994,
                "recall": 0.9597675159199949,
                "f1-score": 0.9598533403433686,
                "support": 5000.0
            },
            "weighted avg": {
                "precision": 0.9599554865647416,
                "recall": 0.9598,
                "f1-score": 0.9598180833397911,
                "support": 5000.0
            }
        }
    },
    "LightGBM": {
        "cv_mean": 0.9564659195860458,
        "cv_std": 0.0012918602935261688,
        "cv_scores": [
            0.9557446210057312,
            0.9555475576262517,
            0.9587525593348573,
            0.9570207358423418,
            0.9552641241210469
        ],
        "test_metrics": {
            "accuracy": 0.9558,
            "weighted_f1": 0.955823547623246,
            "macro_f1": 0.9558514949650606,
            "weighted_precision": 0.9560367661470515,
            "weighted_recall": 0.9558
        },
        "classification_report": {
            "0": {
                "precision": 0.9592592592592593,
                "recall": 0.9401088929219601,
                "f1-score": 0.9495875343721356,
                "support": 1653.0
            },
            "1": {
                "precision": 0.9371395617070357,
                "recall": 0.9626777251184834,
                "f1-score": 0.9497369959088252,
                "support": 1688.0
            },
            "2": {
                "precision": 0.9720534629404617,
                "recall": 0.9644364074743822,
                "f1-score": 0.9682299546142209,
                "support": 1659.0
            },
            "accuracy": 0.9558,
            "macro avg": {
                "precision": 0.9561507613022523,
                "recall": 0.9557410085049419,
                "f1-score": 0.9558514949650606,
                "support": 5000.0
            },
            "weighted avg": {
                "precision": 0.9560367661470515,
                "recall": 0.9558,
                "f1-score": 0.955823547623246,
                "support": 5000.0
            }
        }
    },
    "CatBoost": {
        "cv_mean": 0.9415257130739174,
        "cv_std": 0.004039876135637474,
        "cv_scores": [
            0.9394858213098177,
            0.9395747112972559,
            0.9447499103362913,
            0.9362989778787775,
            0.9475191445474452
        ],
        "test_metrics": {
            "accuracy": 0.9348,
            "weighted_f1": 0.9348071105119831,
            "macro_f1": 0.9348580169711097,
            "weighted_precision": 0.9348950841823287,
            "weighted_recall": 0.9348
        },
        "classification_report": {
            "0": {
                "precision": 0.9348093480934809,
                "recall": 0.9195402298850575,
                "f1-score": 0.9271119243671851,
                "support": 1653.0
            },
            "1": {
                "precision": 0.917201166180758,
                "recall": 0.931872037914692,
                "f1-score": 0.9244784014105202,
                "support": 1688.0
            },
            "2": {
                "precision": 0.9529837251356239,
                "recall": 0.9529837251356239,
                "f1-score": 0.9529837251356239,
                "support": 1659.0
            },
            "accuracy": 0.9348,