,precision,recall,f1-score,support
1,0.9636699507389163,0.9467634603750756,0.9551418980775099,1653.0
2,0.943122460824144,0.9626777251184834,0.9527997654646732,1688.0
3,0.9733817301875378,0.9698613622664256,0.9716183574879227,1659.0
accuracy,0.9598,0.9598,0.9598,0.9598
macro avg,0.9600580472501994,0.9597675159199949,0.9598533403433686,5000.0
weighted avg,0.9599554865647416,0.9598,0.9598180833397911,5000.0
