{
    "model_name": "XGBoost",
    "timestamp": "2025-12-04 13:20:16",
    "overall_metrics": {
        "accuracy": 0.9598,
        "weighted_f1": 0.9598180833397911,
        "macro_f1": 0.9598533403433686,
        "weighted_precision": 0.9599554865647416,
        "weighted_recall": 0.9598
    },
    "confusion_matrix": [
        [
            1565,
            65,
            23
        ],
        [
            42,
            1625,
            21
        ],
        [
            17,
            33,
            1609
        ]
    ],
    "confusion_matrix_normalized": [
        [
            0.9467634603750756,
            0.03932244404113733,
            0.013914095583787053
        ],
        [
            0.024881516587677725,
            0.9626777251184834,
            0.012440758293838863
        ],
        [
            0.010247136829415311,
            0.019891500904159132,
            0.9698613622664256
        ]
    ],
    "classification_report": {
        "1": {
            "precision": 0.9636699507389163,
            "recall": 0.9467634603750756,
            "f1-score": 0.9551418980775099,
            "support": 1653.0
        },
        "2": {
            "precision": 0.943122460824144,
            "recall": 0.9626777251184834,
            "f1-score": 0.9527997654646732,
            "support": 1688.0
        },
        "3": {
            "precision": 0.9733817301875378,
            "recall": 0.9698613622664256,
            "f1-score": 0.9716183574879227,
            "support": 1659.0
        },
        "accuracy": 0.9598,
        "macro avg": {
            "precision": 0.9600580472501994,
            "recall": 0.9597675159199949,
            "f1-score": 0.9598533403433686,
            "support": 5000.0
        },
        "weighted avg": {
            "precision": 0.9599554865647416,
            "recall": 0.9598,
            "f1-score": 0.9598180833397911,
            "support": 5000.0
        }
    },
    "per_class_metrics": [
        {
            "Class": "1",
            "Precision": 0.9636699507389163,
            "Recall": 0.9467634603750756,
            "F1-Score": 0.9551418980775099,
            "Support": 1653.0
        },
        {
            "Class": "2",
            "Precision": 0.943122460824144,
            "Recall": 0.9626777251184834,
            "F1-Score": 0.9527997654646732,
            "Support": 1688.0
        },
        {
            "Class": "3",
            "Precision": 0.9733817301875378,
            "Recall": 0.9698613622664256,
            "F1-Score": 0.9716183574879227,
            "Support": 1659.0
        }
    ]
}