{
    "model_name": "Tuned Model",
    "timestamp": "2025-12-04 13:20:19",
    "overall_metrics": {
        "accuracy": 0.9624,
        "weighted_f1": 0.962411615887583,
        "macro_f1": 0.9624454221076594,
        "weighted_precision": 0.9625069923005,
        "weighted_recall": 0.9624
    },
    "confusion_matrix": [
        [
            1573,
            57,
            23
        ],
        [
            39,
            1627,
            22
        ],
        [
            15,
            32,
            1612
        ]
    ],
    "confusion_matrix_normalized": [
        [
            0.9516031457955233,
            0.034482758620689655,
            0.013914095583787053
        ],
        [
            0.0231042654028436,
            0.9638625592417062,
            0.013033175355450236
        ],
        [
            0.009041591320072333,
            0.019288728149487643,
            0.97166968053044
        ]
    ],
    "classification_report": {
        "1": {
            "precision": 0.9668100799016595,
            "recall": 0.9516031457955233,
            "f1-score": 0.9591463414634146,
            "support": 1653.0
        },
        "2": {
            "precision": 0.9481351981351981,
            "recall": 0.9638625592417062,
            "f1-score": 0.9559341950646298,
            "support": 1688.0
        },
        "3": {
            "precision": 0.9728424864212432,
            "recall": 0.97166968053044,
            "f1-score": 0.9722557297949337,
            "support": 1659.0
        },
        "accuracy": 0.9624,
        "macro avg": {
            "precision": 0.9625959214860336,
            "recall": 0.9623784618558898,
            "f1-score": 0.9624454221076594,
            "support": 5000.0
        },
        "weighted avg": {
            "precision": 0.9625069923005,
            "recall": 0.9624,
            "f1-score": 0.962411615887583,
            "support": 5000.0
        }
    },
    "per_class_metrics": [
        {
            "Class": "1",
            "Precision": 0.9668100799016595,
            "Recall": 0.9516031457955233,
            "F1-Score": 0.9591463414634146,
            "Support": 1653.0
        },
        {
            "Class": "2",
            "Precision": 0.9481351981351981,
            "Recall": 0.9638625592417062,
            "F1-Score": 0.9559341950646298,
            "Support": 1688.0
        },
        {
            "Class": "3",
            "Precision": 0.9728424864212432,
            "Recall": 0.97166968053044,
            "F1-Score": 0.9722557297949337,
            "Support": 1659.0
        }
    ]
}