{
    "model_name": "XGBoost",
    "best_cv_score": 0.9634990827887491,
    "best_params": {
        "model__subsample": 1.0,
        "model__n_estimators": 300,
        "model__min_child_weight": 5,
        "model__max_depth": 7,
        "model__learning_rate": 0.2,
        "model__gamma": 0.1,
        "model__colsample_bytree": 0.8
    },
    "test_metrics": {
        "accuracy": 0.9624,
        "weighted_f1": 0.962411615887583,
        "macro_f1": 0.9624454221076594,
        "weighted_precision": 0.9625069923005,
        "weighted_recall": 0.9624
    },
    "cv_results": {
        "mean_test_score": [
            0.9604040947105913,
            0.8864724626505291,
            0.7654801426269072,
            0.928175493837583,
            0.9625008401032019,
            0.9630402340735094,
            0.9614561415318488,
            0.9150173332249645,
            0.9217512538892813,
            0.9441425258458664,
            0.8571653564789077,
            0.8923906557654631,
            0.8834710002285886,
            0.9577105237559342,
            0.9492267069092566,
            0.9390261462370264,
            0.6776268211579327,
            0.9297203040837128,
            0.6886625019883098,
            0.887642769107271,
            0.9623530133216477,
            0.9553091727815037,
            0.9231341586301933,
            0.8197058907189623,
            0.9634990827887491,
            0.9599086042386867,
            0.9555615437784784,
            0.9624971816791374,
            0.8543834284352128,
            0.8402849285332653
        ],
        "std_test_score": [
            0.0009647475569083423,
            0.004264894706395426,
            0.006393347862130335,
            0.0017964672100237006,
            0.0017120180673503291,
            0.002301516525613967,
            0.0009820484654744692,
            0.003761642745596646,
            0.003344441333663637,
            0.0013368652831959515,
            0.004957597596902322,
            0.004897539752029186,
            0.006114098430022253,
            0.0016655182242813276,
            0.0030588757054472635,
            0.003525317323984625,
            0.0075873895740857025,
            0.002111070749111787,
            0.010993475551098085,
            0.003538015049893412,
            0.001998390840657279,
            0.0023670343259043626,
            0.0042412388492550175,
            0.006962800015481224,
            0.0021237652717401973,
            0.0016544025767306482,
            0.0014424193171242033,
            0.001386439782899782,
            0.005377140982894417,
            0.004674202052892652
        ],
        "params": [
            "{'model__subsample': 0.9, 'model__n_estimators': 200, 'model__min_child_weight': 3, 'model__max_depth': 9, 'model__learning_rate': 0.05, 'model__gamma': 0.1, 'model__colsample_bytree': 0.9}",
            "{'model__subsample': 0.7, 'model__n_estimators': 500, 'model__min_child_weight': 5, 'model__max_depth': 5, 'model__learning_rate': 0.01, 'model__gamma': 0.1, 'model__colsample_bytree': 0.7}",
            "{'model__subsample': 0.9, 'model__n_estimators': 500, 'model__min_child_weight': 1, 'model__max_depth': 3, 'model__learning_rate': 0.01, 'model__gamma': 0.3, 'model__colsample_bytree': 0.8}",
            "{'model__subsample': 1.0, 'model__n_estimators': 200, 'model__min_child_weight': 1, 'model__max_depth': 3, 'model__learning_rate': 0.2, 'model__gamma': 0.2, 'model__colsample_bytree': 0.8}",
            "{'model__subsample': 0.7, 'model__n_estimators': 500, 'model__min_child_weight': 1, 'model__max_depth': 5, 'model__learning_rate': 0.1, 'model__gamma': 0.3, 'model__colsample_bytree': 1.0}",
            "{'model__subsample': 0.7, 'model__n_estimators': 200, 'model__min_child_weight': 1, 'model__max_depth': 9, 'model__learning_rate': 0.1, 'model__gamma': 0.2, 'model__colsample_bytree': 1.0}",
            "{'model__subsample': 0.9, 'model__n_estimators': 200, 'model__min_child_weight': 3, 'model__max_depth': 9, 'model__learning_rate': 0.05, 'model__gamma': 0.3, 'model__colsample_bytree': 0.8}",
            "{'model__subsample': 0.8, 'model__n_estimators': 300, 'model__min_child_weight': 3, 'model__max_depth': 7, 'model__learning_rate': 0.01, 'model__gamma': 0, 'model__colsample_bytree': 0.9}",
            "{'model__subsample': 0.9, 'model__n_estimators': 100, 'model__min_child_weight': 5, 'model__max_depth': 5, 'model__learning_rate': 0.1, 'model__gamma': 0, 'model__colsample_bytree': 0.7}",
            "{'model__subsample': 0.9, 'model__n_estimators': 300, 'model__min_child_weight': 1, 'model__max_depth': 3, 'model__learning_rate': 0.2, 'model__gamma': 0.1, 'model__colsample_bytree': 0.8}",
            "{'model__subsample': 0.9, 'model__n_estimators': 300, 'model__min_child_weight': 1, 'model__max_depth': 3, 'model__learning_rate': 0.05, 'model__gamma': 0.3, 'model__colsample_bytree': 0.8}",
            "{'model__subsample': 0.7, 'model__n_estimators': 200, 'model__min_child_weight': 3, 'model__max_depth': 7, 'model__learning_rate': 0.01, 'model__gamma': 0.3, 'model__colsample_bytree': 1.0}",
            "{'model__subsample': 1.0, 'model__n_estimators': 100, 'model__min_child_weight': 5, 'model__max_depth': 3, 'model__learning_rate': 0.2, 'model__gamma': 0.2, 'model__colsample_bytree': 1.0}",
            "{'model__subsample': 1.0, 'model__n_estimators': 200, 'model__min_child_weight': 3, 'model__max_depth': 9, 'model__learning_rate': 0.05, 'model__gamma': 0.2, 'model__colsample_bytree': 1.0}",
            "{'model__subsample': 0.9, 'model__n_estimators': 100, 'model__min_child_weight': 3, 'model__max_depth': 5, 'model__learning_rate': 0.2, 'model__gamma': 0.2, 'model__colsample_bytree': 0.9}",
            "{'model__subsample': 0.8, 'model__n_estimators': 200, 'model__min_child_weight': 1, 'model__max_depth': 9, 'model__learning_rate': 0.01, 'model__gamma': 0.2, 'model__colsample_bytree': 0.7}",
            "{'model__subsample': 0.8, 'model__n_estimators': 100, 'model__min_child_weight': 1, 'model__max_depth': 3, 'model__learning_rate': 0.01, 'model__gamma': 0.1, 'model__colsample_bytree': 0.7}",
            "{'model__subsample': 1.0, 'model__n_estimators': 200, 'model__min_child_weight': 3, 'model__max_depth': 3, 'model__learning_rate': 0.2, 'model__gamma': 0.1, 'model__colsample_bytree': 1.0}",
            "{'model__subsample': 0.8, 'model__n_estimators': 200, 'model__min_child_weight': 5, 'model__max_depth': 3, 'model__learning_rate': 0.01, 'model__gamma': 0.1, 'model__colsample_bytree': 0.9}",
            "{'model__subsample': 0.8, 'model__n_estimators': 100, 'model__min_child_weight': 5, 'model__max_depth': 7, 'model__learning_rate': 0.01, 'model__gamma': 0.3, 'model__colsample_bytree': 0.7}",
            "{'model__subsample': 1.0, 'model__n_estimators': 500, 'model__min_child_weight': 3, 'model__max_depth': 7, 'model__learning_rate': 0.2, 'model__gamma': 0.2, 'model__colsample_bytree': 0.8}",
            "{'model__subsample': 1.0, 'model__n_estimators': 300, 'model__min_child_weight': 1, 'model__max_depth': 5, 'model__learning_rate': 0.1, 'model__gamma': 0.2, 'model__colsample_bytree': 0.8}",
            "{'model__subsample': 0.7, 'model__n_estimators': 200, 'model__min_child_weight': 5, 'model__max_depth': 5, 'model__learning_rate': 0.05, 'model__gamma': 0, 'model__colsample_bytree': 0.9}",
            "{'model__subsample': 0.7, 'model__n_estimators': 100, 'model__min_child_weight': 5, 'model__max_depth': 3, 'model__learning_rate': 0.1, 'model__gamma': 0.1, 'model__colsample_bytree': 0.7}",
            "{'model__subsample': 1.0, 'model__n_estimators': 300, 'model__min_child_weight': 5, 'model__max_depth': 7, 'model__learning_rate': 0.2, 'model__gamma': 0.1, 'model__colsample_bytree': 0.8}",
            "{'model__subsample': 0.8, 'model__n_estimators': 300, 'model__min_child_weight': 3, 'model__max_depth': 7, 'model__learning_rate': 0.05, 'model__gamma': 0, 'model__colsample_bytree': 0.8}",
