Patient_ID,Predicted_Stage,Confidence
1,3,0.4500845670700073
2,3,0.8797240853309631
3,3,0.9933350086212158
