feature,mean_abs_shap
Sex_M,0.56505406
Bilirubin,0.5300081
Status_D,0.4478262
Drug_Placebo,0.38478357
Copper,0.37411237
N_Days,0.35595644
Albumin,0.35199845
Tryglicerides,0.33523586
Cholesterol,0.3143358
Age,0.2490475
Status_CL,0.18757683
Spiders_Y,0.16627917
Alk_Phos,0.15693735
SGOT,0.15594485
Ascites_Y,0.14709097
Prothrombin,0.12902646
Hepatomegaly_Y,0.11946286
Edema_S,0.10433702
Platelets,0.09639968
Edema_Y,0.09456675
