feature,mean_abs_shap
Sex_M,0.55494994
Bilirubin,0.5161043
Drug_Placebo,0.411662
Status_D,0.3915218
N_Days,0.3895046
Copper,0.34755448
Albumin,0.3412238
Cholesterol,0.30954605
Tryglicerides,0.30243194
Age,0.26304308
Status_CL,0.1927328
SGOT,0.16287853
Alk_Phos,0.1489526
Ascites_Y,0.13937029
Spiders_Y,0.11962046
Hepatomegaly_Y,0.09695182
Edema_Y,0.09493018
Edema_S,0.093040705
Prothrombin,0.0858537
Platelets,0.083083436
